customer_id,customer_name,recency_days,frequency,monetary_value,r_score,f_score,m_score,rfm_score_str,customer_segment
QJ-19255,Quincy Jones,25.0,9,6108.34,5,5,5,555,Champions
SM-20950,Suzanne McNair,25.0,12,5563.39,5,5,5,555,Champions
JL-15835,John Lee,21.0,11,9799.92,5,5,5,555,Champions
WB-21850,William Brown,20.0,11,6160.1,5,5,5,555,Champions
MP-18175,Mike Pelletier,16.0,9,5087.92,5,5,5,555,Champions
BF-11170,Ben Ferrer,16.0,11,5907.97,5,5,5,555,Champions
LC-16885,Lena Creighton,16.0,12,7663.13,5,5,5,555,Champions
AI-10855,Arianne Irving,13.0,10,4375.79,5,5,5,555,Champions
RA-19915,Russell Applegate,12.0,9,4793.54,5,5,5,555,Champions
EP-13915,Emily Phan,12.0,17,5478.06,5,5,5,555,Champions
DK-13225,Dean Katz,10.0,9,4802.39,5,5,5,555,Champions
SE-20110,Sanjit Engle,9.0,11,12209.44,5,5,5,555,Champions
RB-19465,Rick Bensley,9.0,12,4715.47,5,5,5,555,Champions
PK-19075,Pete Kriz,9.0,12,8646.93,5,5,5,555,Champions
TP-21130,Theone Pippenger,8.0,9,4454.06,5,5,5,555,Champions
GZ-14470,Gary Zandusky,7.0,9,4355.15,5,5,5,555,Champions
AH-10210,Alan Hwang,6.0,9,4805.34,5,5,5,555,Champions
MH-18115,Mick Hernandez,5.0,9,5503.09,5,5,5,555,Champions
PO-18850,Patrick O'Brill,4.0,11,7473.83,5,5,5,555,Champions
DR-12880,Dan Reichenbach,3.0,9,6528.03,5,5,5,555,Champions
HM-14860,Harry Marie,2.0,10,8236.76,5,5,5,555,Champions
JG-15160,James Galang,1.0,11,6366.39,5,5,5,555,Champions
CS-12250,Chris Selesnick,26.0,12,2754.22,5,5,4,554,Champions
CS-11950,Carlos Soltero,25.0,11,3036.55,5,5,4,554,Champions
DS-13180,David Smith,23.0,9,2881.81,5,5,4,554,Champions
HG-14965,Henry Goldwyn,23.0,12,3247.64,5,5,4,554,Champions
DK-12835,Damala Kotsonis,21.0,12,3256.48,5,5,4,554,Champions
LS-16975,Lindsay Shagiari,20.0,9,2988.67,5,5,4,554,Champions
CC-12220,Chris Cortes,20.0,12,3913.42,5,5,4,554,Champions
AT-10735,Annie Thurman,13.0,10,3831.86,5,5,4,554,Champions
MM-17920,Michael Moore,7.0,11,3794.08,5,5,4,554,Champions
CS-12355,Christine Sundaresam,6.0,11,3202.16,5,5,4,554,Champions
CS-12400,Christopher Schild,2.0,9,3651.86,5,5,4,554,Champions
BP-11185,Ben Peterman,1.0,9,3675.86,5,5,4,554,Champions
CC-12430,Chuck Clark,0.0,10,2870.05,5,5,4,554,Champions
SH-20395,Shahid Hopkins,23.0,10,2180.72,5,5,3,553,Potential Loyalists
LH-16900,Lena Hernandez,21.0,9,2295.33,5,5,3,553,Potential Loyalists
NB-18655,Nona Balk,19.0,9,1972.6,5,5,3,553,Potential Loyalists
KN-16390,Katherine Nockton,19.0,9,2617.27,5,5,3,553,Potential Loyalists
BP-11095,Bart Pistole,17.0,12,2442.04,5,5,3,553,Potential Loyalists
LC-17140,Logan Currie,13.0,9,2633.58,5,5,3,553,Potential Loyalists
DB-13210,Dean Braden,9.0,10,2332.58,5,5,3,553,Potential Loyalists
JB-15400,Jennifer Braxton,7.0,10,1791.61,5,5,3,553,Potential Loyalists
FM-14215,Filia McAdams,7.0,10,2456.64,5,5,3,553,Potential Loyalists
CV-12805,Cynthia Voltz,5.0,9,2370.31,5,5,3,553,Potential Loyalists
RA-19285,Ralph Arnett,5.0,9,2617.91,5,5,3,553,Potential Loyalists
RD-19720,Roger Demir,21.0,10,1419.74,5,5,2,552,Needs Attention
AA-10375,Allen Armold,19.0,9,1056.39,5,5,2,552,Needs Attention
GA-14725,Guy Armstrong,5.0,11,1398.38,5,5,2,552,Needs Attention
,,,302,,5,5,1,551,Needs Attention
BH-11710,Brosina Hoffman,23.0,8,6255.35,5,4,5,545,Champions
KH-16510,Keith Herrera,22.0,7,5952.86,5,4,5,545,Champions
MJ-17740,Max Jones,22.0,7,6320.75,5,4,5,545,Champions
LW-17215,Luke Weiss,21.0,7,5420.51,5,4,5,545,Champions
MW-18220,Mitch Webber,17.0,7,5341.9,5,4,5,545,Champions
DB-13060,Dave Brooks,16.0,7,4531.65,5,4,5,545,Champions
KL-16555,Kelly Lampkin,16.0,8,5016.49,5,4,5,545,Champions
TT-21460,Tonja Turnell,12.0,7,5364.81,5,4,5,545,Champions
AC-10450,Amy Cox,11.0,7,5527.85,5,4,5,545,Champions
YS-21880,Yana Sorensen,9.0,8,6720.44,5,4,5,545,Champions
NC-18535,Nick Crebassa,6.0,7,8241.74,5,4,5,545,Champions
FH-14365,Fred Hopkins,5.0,8,6987.2,5,4,5,545,Champions
KH-16690,Kristen Hastings,2.0,7,5990.8,5,4,5,545,Champions
FP-14320,Frank Preis,23.0,8,4046.75,5,4,4,544,Champions
LF-17185,Luke Foster,22.0,7,3930.51,5,4,4,544,Champions
DM-13345,Denise Monton,22.0,8,4074.47,5,4,4,544,Champions
BT-11680,Brian Thompson,20.0,7,3196.75,5,4,4,544,Champions
DK-13375,Dennis Kane,19.0,8,3318.49,5,4,4,544,Champions
LP-17095,Liz Preis,9.0,7,3653.4,5,4,4,544,Champions
JP-15520,Jeremy Pistek,8.0,7,3635.59,5,4,4,544,Champions
HG-15025,Hunter Glantz,6.0,7,3690.28,5,4,4,544,Champions
KB-16240,Karen Bern,4.0,7,3152.62,5,4,4,544,Champions
MC-17845,Michael Chen,1.0,7,3805.71,5,4,4,544,Champions
CB-12415,Christy Brittain,26.0,8,1949.2,5,4,3,543,Potential Loyalists
HF-14995,Herbert Flentye,21.0,7,2533.16,5,4,3,543,Potential Loyalists
DB-12910,Daniel Byrd,21.0,8,2171.6,5,4,3,543,Potential Loyalists
SU-20665,Stephanie Ulpright,20.0,7,2595.36,5,4,3,543,Potential Loyalists
HA-14920,Helen Andreada,20.0,8,2584.16,5,4,3,543,Potential Loyalists
RB-19435,Richard Bierner,19.0,8,2663.09,5,4,3,543,Potential Loyalists
BP-11290,Beth Paige,12.0,7,2475.16,5,4,3,543,Potential Loyalists
DP-13105,Dave Poirier,6.0,8,2215.0,5,4,3,543,Potential Loyalists
SV-20935,Susan Vittorini,2.0,8,1903.49,5,4,3,543,Potential Loyalists
BS-11755,Bruce Stewart,1.0,7,2562.38,5,4,3,543,Potential Loyalists
PO-18865,Patrick O'Donnell,0.0,7,2493.21,5,4,3,543,Potential Loyalists
KE-16420,Katrina Edelman,26.0,8,1686.73,5,4,2,542,Needs Attention
AB-10165,Alan Barnes,25.0,8,1113.84,5,4,2,542,Needs Attention
DL-13315,Delfina Latchford,22.0,8,1458.26,5,4,2,542,Needs Attention
SS-20140,Saphhira Shifley,15.0,8,1324.03,5,4,2,542,Needs Attention
RD-19810,Ross DeVincentis,14.0,8,1137.62,5,4,2,542,Needs Attention
RF-19840,Roy Französisch,6.0,8,945.22,5,4,1,541,Needs Attention
NP-18325,Naresj Patel,25.0,6,5529.62,5,3,5,535,Potential Loyalists
GB-14575,Giulietta Baptist,13.0,5,4716.29,5,3,5,535,Potential Loyalists
RM-19675,Robert Marley,6.0,5,5979.1,5,3,5,535,Potential Loyalists
AR-10540,Andy Reiter,6.0,6,6608.45,5,3,5,535,Potential Loyalists
YC-21895,Yoseph Carroll,4.0,5,5454.35,5,3,5,535,Potential Loyalists
AS-10285,Alejandro Savely,19.0,6,3214.24,5,3,4,534,Potential Loyalists
GM-14455,Gary Mitchum,16.0,6,3078.62,5,3,4,534,Potential Loyalists
KH-16360,Katherine Hughes,1.0,6,3100.61,5,3,4,534,Potential Loyalists
KM-16225,Kalyca Meade,14.0,6,2260.96,5,3,3,533,Potential Loyalists
AH-10030,Aaron Hawkins,12.0,7,1744.7,5,3,3,533,Potential Loyalists
TS-21505,Tony Sayre,11.0,6,2243.27,5,3,3,533,Potential Loyalists
JG-15310,Jason Gross,2.0,6,2240.58,5,3,3,533,Potential Loyalists
JF-15415,Jennifer Ferguson,2.0,6,2371.45,5,3,3,533,Potential Loyalists
CW-11905,Carl Weiss,22.0,6,1136.59,5,3,2,532,Needs Attention
AT-10435,Alyssa Tate,21.0,6,1171.81,5,3,2,532,Needs Attention
LE-16810,Laurel Elliston,21.0,6,1469.45,5,3,2,532,Needs Attention
MV-18190,Mike Vittorini,19.0,7,1734.57,5,3,2,532,Needs Attention
DB-13660,Duane Benoit,12.0,7,1155.2,5,3,2,532,Needs Attention
JL-15130,Jack Lebron,8.0,6,1214.96,5,3,2,532,Needs Attention
CM-12190,Charlotte Melton,8.0,6,1475.14,5,3,2,532,Needs Attention
JW-15955,Joni Wasserman,5.0,7,1244.09,5,3,2,532,Needs Attention
EH-14005,Erica Hernandez,2.0,7,1219.53,5,3,2,532,Needs Attention
KB-16600,Ken Brennan,1.0,7,983.92,5,3,2,532,Needs Attention
TC-21535,Tracy Collins,4.0,7,742.56,5,3,1,531,Needs Attention
AS-10225,Alan Schoenberger,22.0,5,4260.78,5,2,4,524,Recent Customers
SR-20425,Sharelle Roach,8.0,5,3233.48,5,2,4,524,Recent Customers
EG-13900,Emily Grady,22.0,5,1832.02,5,2,3,523,Recent Customers
MF-18250,Monica Federle,7.0,5,1758.3,5,2,3,523,Recent Customers
JB-16045,Julia Barnett,7.0,5,2518.12,5,2,3,523,Recent Customers
NS-18505,Neola Schneider,6.0,4,2575.86,5,2,3,523,Recent Customers
AC-10615,Ann Chong,6.0,5,2537.69,5,2,3,523,Recent Customers
GD-14590,Giulietta Dortch,5.0,4,1888.07,5,2,3,523,Recent Customers
PC-18745,Pamela Coakley,2.0,4,1832.06,5,2,3,523,Recent Customers
DC-13285,Debra Catini,23.0,5,1174.62,5,2,2,522,Recent Customers
DV-13045,Darrin Van Huff,19.0,5,1119.48,5,2,2,522,Recent Customers
HR-14770,Hallie Redmond,13.0,5,1299.29,5,2,2,522,Recent Customers
BN-11515,Bradley Nguyen,9.0,5,1459.34,5,2,2,522,Recent Customers
CM-12115,Chad McGuire,8.0,4,1661.61,5,2,2,522,Recent Customers
DK-12985,Darren Koutras,7.0,5,1687.04,5,2,2,522,Recent Customers
JL-15175,James Lanier,6.0,5,1571.52,5,2,2,522,Recent Customers
EB-13975,Erica Bern,0.0,4,1643.26,5,2,2,522,Recent Customers
RB-19570,Rob Beeghly,25.0,5,528.55,5,2,1,521,Recent Customers
PL-18925,Paul Lucas,15.0,5,239.48,5,2,1,521,Recent Customers
KM-16660,Khloe Miller,15.0,5,453.54,5,2,1,521,Recent Customers
AR-10510,Andrew Roberts,14.0,5,264.86,5,2,1,521,Recent Customers
VF-21715,Vicky Freymann,13.0,5,847.94,5,2,1,521,Recent Customers
AG-10330,Alex Grayson,8.0,5,660.97,5,2,1,521,Recent Customers
JM-15655,Jim Mitchum,8.0,5,864.95,5,2,1,521,Recent Customers
LO-17170,Lori Olson,2.0,5,644.35,5,2,1,521,Recent Customers
JM-15580,Jill Matthias,0.0,5,303.95,5,2,1,521,Recent Customers
DJ-13630,Doug Jacobs,12.0,3,3356.4,5,1,4,514,Recent Customers
SG-20080,Sandra Glassco,8.0,3,3406.58,5,1,4,514,Recent Customers
JE-16165,Justin Ellison,20.0,3,2697.25,5,1,3,513,Recent Customers
CA-12310,Christine Abelman,13.0,4,1421.95,5,1,2,512,Recent Customers
BF-11080,Bart Folk,25.0,3,272.95,5,1,1,511,Recent Customers
PB-18805,Patrick Bzostek,25.0,3,740.36,5,1,1,511,Recent Customers
BN-11470,Brad Norvell,24.0,4,265.3,5,1,1,511,Recent Customers
AH-10585,Angele Hood,21.0,4,738.5,5,1,1,511,Recent Customers
AW-10840,Anthony Witt,20.0,4,649.38,5,1,1,511,Recent Customers
RS-19870,Roy Skaria,19.0,2,22.33,5,1,1,511,Recent Customers
RR-19315,Ralph Ritter,19.0,2,615.93,5,1,1,511,Recent Customers
AY-10555,Andy Yotov,14.0,4,497.01,5,1,1,511,Recent Customers
HE-14800,Harold Engle,12.0,4,883.53,5,1,1,511,Recent Customers
DK-13150,David Kendrick,10.0,2,797.83,5,1,1,511,Recent Customers
BD-11635,Brian Derr,9.0,3,582.65,5,1,1,511,Recent Customers
SK-19990,Sally Knutson,8.0,3,883.41,5,1,1,511,Recent Customers
JH-15430,Jennifer Halladay,5.0,4,309.28,5,1,1,511,Recent Customers
GH-14665,Greg Hansen,2.0,2,146.94,5,1,1,511,Recent Customers
JE-15745,Joel Eaton,51.0,13,6760.82,4,5,5,455,Champions
SP-20620,Stefania Perrino,47.0,9,5440.32,4,5,5,455,Champions
CB-12025,Cassandra Brandow,47.0,10,6076.14,4,5,5,455,Champions
KL-16645,Ken Lonsdale,47.0,12,14175.23,4,5,5,455,Champions
JE-15715,Joe Elijah,46.0,10,8697.84,4,5,5,455,Champions
ME-17320,Maria Etezadi,42.0,10,10663.73,4,5,5,455,Champions
AB-10105,Adrian Barton,41.0,10,14473.57,4,5,5,455,Champions
SC-20050,Sample Company A,40.0,9,4624.57,4,5,5,455,Champions
GT-14710,Greg Tran,36.0,11,11820.12,4,5,5,455,Champions
BM-11650,Brian Moss,33.0,11,7294.19,4,5,5,455,Champions
RP-19390,Resi Pölking,33.0,12,5153.08,4,5,5,455,Champions
BD-11320,Bill Donatelli,33.0,12,5718.52,4,5,5,455,Champions
SC-20380,Shahid Collister,30.0,9,5992.54,4,5,5,455,Champions
ES-14080,Erin Smith,28.0,9,4657.92,4,5,5,455,Champions
BB-11545,Brenda Bowman,28.0,9,6765.73,4,5,5,455,Champions
VW-21775,Victoria Wilson,28.0,10,6134.04,4,5,5,455,Champions
ND-18370,Natalie DeCherney,27.0,9,4326.14,4,5,5,455,Champions
SF-20965,Sylvia Foulston,48.0,9,3336.54,4,5,4,454,Champions
EB-13705,Ed Braxton,48.0,9,3644.98,4,5,4,454,Champions
PW-19030,Pauline Webber,46.0,10,3454.92,4,5,4,454,Champions
CK-12205,Chloris Kastensmidt,39.0,13,3154.86,4,5,4,454,Champions
DC-12850,Dan Campbell,37.0,9,3336.17,4,5,4,454,Champions
FH-14275,Frank Hawley,37.0,10,4256.27,4,5,4,454,Champions
FM-14290,Frank Merwin,36.0,9,3736.2,4,5,4,454,Champions
PG-18820,Patrick Gardner,36.0,13,3086.91,4,5,4,454,Champions
EB-13750,Edward Becker,35.0,10,3236.31,4,5,4,454,Champions
SZ-20035,Sam Zeldin,35.0,11,3625.33,4,5,4,454,Champions
AH-10075,Adam Hart,34.0,10,3250.34,4,5,4,454,Champions
TB-21625,Trudy Brown,30.0,9,2797.67,4,5,4,454,Champions
SH-19975,Sally Hughsby,29.0,13,3406.84,4,5,4,454,Champions
AS-10090,Adam Shillingsburg,28.0,9,3255.31,4,5,4,454,Champions
GG-14650,Greg Guthrie,43.0,9,2224.0,4,5,3,453,Potential Loyalists
CK-12595,Clytie Kelty,43.0,11,2372.75,4,5,3,453,Potential Loyalists
XP-21865,Xylona Preis,43.0,11,2374.66,4,5,3,453,Potential Loyalists
MC-18100,Mick Crebagga,41.0,10,2218.98,4,5,3,453,Potential Loyalists
FO-14305,Frank Olsen,38.0,10,2678.44,4,5,3,453,Potential Loyalists
MB-17305,Maria Bertelson,48.0,10,1548.7,4,5,2,452,Needs Attention
CC-12475,Cindy Chapman,39.0,9,1659.44,4,5,2,452,Needs Attention
TD-20995,Tamara Dahlen,37.0,9,1434.55,4,5,2,452,Needs Attention
MV-17485,Mark Van Huff,27.0,9,1560.05,4,5,2,452,Needs Attention
DR-12940,Daniel Raglin,50.0,8,8350.87,4,4,5,445,Champions
JE-15610,Jim Epp,48.0,7,7754.98,4,4,5,445,Champions
SB-20290,Sean Braxton,47.0,7,8057.89,4,4,5,445,Champions
SC-20770,Stewart Carmichael,41.0,7,4492.66,4,4,5,445,Champions
LC-16930,Linda Cazamias,41.0,8,4492.95,4,4,5,445,Champions
JD-16150,Justin Deggeller,41.0,8,8828.03,4,4,5,445,Champions
RB-19795,Ross Baird,32.0,8,5633.32,4,4,5,445,Champions
TT-21070,Ted Trevino,31.0,7,4915.6,4,4,5,445,Champions
AD-10180,Alan Dominguez,29.0,8,6106.88,4,4,5,445,Champions
KM-16720,Kunst Miller,28.0,8,4909.47,4,4,5,445,Champions
DB-13120,David Bremer,48.0,7,2973.09,4,4,4,444,Champions
AW-10930,Arthur Wiediger,46.0,7,2852.97,4,4,4,444,Champions
RA-19885,Ruben Ausman,43.0,7,3832.31,4,4,4,444,Champions
KH-16330,Katharine Harms,40.0,8,3312.86,4,4,4,444,Champions
RS-19765,Roland Schwarz,36.0,8,4159.77,4,4,4,444,Champions
RO-19780,Rose O'Brian,35.0,7,3815.48,4,4,4,444,Champions
LT-17110,Liz Thompson,34.0,8,2936.25,4,4,4,444,Champions
MG-17650,Matthew Grinstein,29.0,7,3785.28,4,4,4,444,Champions
SC-20305,Sean Christensen,29.0,7,3979.07,4,4,4,444,Champions
BG-11035,Barry Gonzalez,28.0,8,2798.95,4,4,4,444,Champions
TC-21295,Toby Carlisle,27.0,8,4266.81,4,4,4,444,Champions
DJ-13510,Don Jones,48.0,8,2501.69,4,4,3,443,Potential Loyalists
JK-15370,Jay Kimmel,44.0,8,2709.63,4,4,3,443,Potential Loyalists
DK-13090,Dave Kipp,42.0,7,2650.56,4,4,3,443,Potential Loyalists
CC-12610,Corey Catlett,34.0,7,2540.63,4,4,3,443,Potential Loyalists
ME-17725,Max Engle,28.0,8,1908.45,4,4,3,443,Potential Loyalists
RP-19855,Roy Phan,28.0,8,2170.72,4,4,3,443,Potential Loyalists
MK-17905,Michael Kennedy,28.0,8,2302.37,4,4,3,443,Potential Loyalists
LC-16870,Lena Cacioppo,27.0,8,2580.7,4,4,3,443,Potential Loyalists
AP-10720,Anne Pryor,41.0,8,1638.55,4,4,2,442,Needs Attention
PJ-18835,Patrick Jones,39.0,8,1220.09,4,4,2,442,Needs Attention
PN-18775,Parhena Norris,30.0,8,1467.15,4,4,2,442,Needs Attention
MC-17575,Matt Collins,27.0,8,1303.89,4,4,2,442,Needs Attention
EM-14140,Eugene Moren,48.0,6,4588.44,4,3,5,435,Potential Loyalists
CC-12370,Christopher Conant,43.0,5,12129.07,4,3,5,435,Potential Loyalists
HL-15040,Hunter Lopez,43.0,6,12873.3,4,3,5,435,Potential Loyalists
JW-15220,Jane Waco,42.0,6,7721.71,4,3,5,435,Potential Loyalists
TS-21370,Todd Sumrall,36.0,6,11891.75,4,3,5,435,Potential Loyalists
BD-11500,Bradley Drucker,35.0,6,4411.24,4,3,5,435,Potential Loyalists
JH-15985,Joseph Holt,29.0,6,7955.0,4,3,5,435,Potential Loyalists
CM-12655,Corinna Mitchell,27.0,6,6339.56,4,3,5,435,Potential Loyalists
LR-16915,Lena Radford,26.0,6,5142.89,4,3,5,435,Potential Loyalists
MT-17815,Meg Tillman,49.0,6,2890.14,4,3,4,434,Potential Loyalists
JL-15505,Jeremy Lonsdale,49.0,6,3173.87,4,3,4,434,Potential Loyalists
JM-15250,Janet Martin,37.0,6,3159.12,4,3,4,434,Potential Loyalists
LW-16990,Lindsay Williams,33.0,6,3230.31,4,3,4,434,Potential Loyalists
DV-13465,Dianna Vittorini,29.0,6,3341.59,4,3,4,434,Potential Loyalists
MC-17590,Matt Collister,51.0,6,2426.07,4,3,3,433,Potential Loyalists
KD-16345,Katherine Ducich,41.0,6,1888.96,4,3,3,433,Potential Loyalists
NC-18415,Nathan Cano,41.0,6,2218.99,4,3,3,433,Potential Loyalists
AF-10870,Art Ferguson,41.0,7,2052.91,4,3,3,433,Potential Loyalists
BG-11695,Brooke Gillingham,36.0,6,1874.17,4,3,3,433,Potential Loyalists
SC-20440,Shaun Chance,36.0,7,1875.0,4,3,3,433,Potential Loyalists
BS-11590,Brendan Sweed,35.0,6,2454.93,4,3,3,433,Potential Loyalists
MN-17935,Michael Nguyen,34.0,6,2477.95,4,3,3,433,Potential Loyalists
DB-13615,Doug Bickford,33.0,7,1989.05,4,3,3,433,Potential Loyalists
SW-20275,Scott Williamson,30.0,6,1966.65,4,3,3,433,Potential Loyalists
HP-14815,Harold Pawlan,30.0,7,1990.31,4,3,3,433,Potential Loyalists
SO-20335,Sean O'Donnell,29.0,6,2602.58,4,3,3,433,Potential Loyalists
ML-17755,Max Ludwig,29.0,7,2071.91,4,3,3,433,Potential Loyalists
MY-17380,Maribeth Yedwab,29.0,7,2254.29,4,3,3,433,Potential Loyalists
CC-12670,Craig Carreira,29.0,7,2269.7,4,3,3,433,Potential Loyalists
JS-16030,Joy Smith,28.0,6,2516.49,4,3,3,433,Potential Loyalists
GW-14605,Giulietta Weimer,28.0,7,2189.02,4,3,3,433,Potential Loyalists
CM-12160,Charles McCrossin,26.0,6,2533.31,4,3,3,433,Potential Loyalists
MB-18085,Mick Brown,44.0,7,1428.23,4,3,2,432,Needs Attention
JH-15910,Jonathan Howell,41.0,7,959.48,4,3,2,432,Needs Attention
JP-15460,Jennifer Patt,37.0,7,1669.14,4,3,2,432,Needs Attention
KA-16525,Kelly Andreada,36.0,7,1519.51,4,3,2,432,Needs Attention
LS-17245,Lynn Smith,34.0,6,1008.14,4,3,2,432,Needs Attention
FG-14260,Frank Gastineau,34.0,7,1383.14,4,3,2,432,Needs Attention
SJ-20215,Sarah Jordon,29.0,6,1341.04,4,3,2,432,Needs Attention
DO-13645,Doug O'Connell,26.0,7,1267.32,4,3,2,432,Needs Attention
CG-12040,Catherine Glotzbach,49.0,6,904.47,4,3,1,431,Needs Attention
JB-16000,Joy Bell-,43.0,7,644.12,4,3,1,431,Needs Attention
DD-13570,Dorothy Dickinson,41.0,6,269.54,4,3,1,431,Needs Attention
MS-17980,Michael Stewart,26.0,6,855.12,4,3,1,431,Needs Attention
CM-12385,Christopher Martinez,37.0,4,8954.02,4,2,5,425,Recent Customers
PM-19135,Peter McVee,51.0,4,4115.66,4,2,4,424,Recent Customers
GH-14425,Gary Hwang,50.0,4,4172.85,4,2,4,424,Recent Customers
MH-18025,Michelle Huthwaite,49.0,5,2984.95,4,2,4,424,Recent Customers
DK-12895,Dana Kaydos,45.0,5,4282.18,4,2,4,424,Recent Customers
ES-14020,Erica Smith,40.0,5,3510.46,4,2,4,424,Recent Customers
DG-13300,Deirdre Greer,32.0,5,3195.82,4,2,4,424,Recent Customers
RH-19495,Rick Hansen,32.0,5,3621.38,4,2,4,424,Recent Customers
BS-11380,Bill Stewart,28.0,5,3887.83,4,2,4,424,Recent Customers
KN-16450,Kean Nguyen,52.0,5,2171.96,4,2,3,423,Recent Customers
NG-18355,Nat Gilpin,48.0,5,1869.58,4,2,3,423,Recent Customers
CD-11920,Carlos Daly,40.0,5,2033.97,4,2,3,423,Recent Customers
JM-15265,Janet Molinari,37.0,5,1804.15,4,2,3,423,Recent Customers
PR-18880,Patrick Ryan,36.0,5,1840.18,4,2,3,423,Recent Customers
JR-16210,Justin Ritter,33.0,5,2201.69,4,2,3,423,Recent Customers
NG-18430,Nathan Gelder,48.0,5,1395.94,4,2,2,422,Recent Customers
AB-10150,Aimee Bixby,41.0,5,966.71,4,2,2,422,Recent Customers
BP-11230,Benjamin Patterson,39.0,5,1181.49,4,2,2,422,Recent Customers
MD-17860,Michael Dominguez,36.0,5,1204.91,4,2,2,422,Recent Customers
TZ-21580,Tracy Zic,35.0,4,1707.29,4,2,2,422,Recent Customers
HZ-14950,Henia Zydlo,35.0,5,886.52,4,2,1,421,Recent Customers
AM-10360,Alice McCarthy,28.0,5,814.01,4,2,1,421,Recent Customers
MW-18235,Mitch Willingham,44.0,2,5253.88,4,1,5,415,Recent Customers
JK-16090,Juliana Krohn,28.0,3,3747.67,4,1,4,414,Recent Customers
AB-10600,Ann Blume,50.0,4,1515.86,4,1,2,412,Recent Customers
EK-13795,Eileen Kiefer,44.0,4,1303.48,4,1,2,412,Recent Customers
CD-12280,Christina DeMoss,42.0,2,1205.58,4,1,2,412,Recent Customers
RD-19930,Russell D'Ascenzo,42.0,4,970.94,4,1,2,412,Recent Customers
JS-15685,Jim Sink,42.0,4,1131.06,4,1,2,412,Recent Customers
BF-11005,Barry Franz,39.0,4,1333.88,4,1,2,412,Recent Customers
VP-21730,Victor Preis,30.0,3,993.9,4,1,2,412,Recent Customers
TB-21190,Thomas Brumley,49.0,4,816.17,4,1,1,411,Recent Customers
LB-16735,Larry Blacks,48.0,3,50.19,4,1,1,411,Recent Customers
EM-14065,Erin Mull,47.0,4,228.99,4,1,1,411,Recent Customers
AS-10135,Adrian Shami,41.0,2,58.82,4,1,1,411,Recent Customers
LP-17080,Liz Pelletier,40.0,4,756.61,4,1,1,411,Recent Customers
GT-14755,Guy Thornton,34.0,4,226.44,4,1,1,411,Recent Customers
SC-20800,Stuart Calhoun,30.0,4,279.26,4,1,1,411,Recent Customers
MZ-17335,Maria Zettner,30.0,4,593.61,4,1,1,411,Recent Customers
CS-12460,Chuck Sachs,27.0,2,550.64,4,1,1,411,Recent Customers
CC-12550,Clay Cheatham,27.0,3,113.83,4,1,1,411,Recent Customers
LT-16765,Larry Tron,26.0,3,329.88,4,1,1,411,Recent Customers
SV-20365,Seth Vernon,101.0,10,11470.95,3,5,5,355,Loyal Customers
KT-16480,Kean Thornton,100.0,10,4642.09,3,5,5,355,Loyal Customers
PP-18955,Paul Prost,97.0,10,7252.61,3,5,5,355,Loyal Customers
AG-10900,Arthur Gainer,96.0,10,4510.8,3,5,5,355,Loyal Customers
JK-15730,Joe Kamberova,84.0,10,4867.2,3,5,5,355,Loyal Customers
Dp-13240,Dean percer,84.0,11,7198.76,3,5,5,355,Loyal Customers
MA-17560,Matt Abelman,64.0,11,4299.16,3,5,5,355,Loyal Customers
SA-20830,Sue Ann Reed,63.0,10,4767.34,3,5,5,355,Loyal Customers
ZC-21910,Zuschuss Carroll,54.0,13,8025.71,3,5,5,355,Loyal Customers
EB-13870,Emily Burns,100.0,10,2767.22,3,5,4,354,Loyal Customers
AP-10915,Arthur Prichep,98.0,10,3323.56,3,5,4,354,Loyal Customers
SJ-20125,Sanjit Jacobs,95.0,12,3949.66,3,5,4,354,Loyal Customers
RW-19630,Rob Williams,89.0,9,3279.75,3,5,4,354,Loyal Customers
SP-20860,Sung Pak,79.0,10,4282.94,3,5,4,354,Loyal Customers
GH-14410,Gary Hansen,75.0,9,2819.47,3,5,4,354,Loyal Customers
MP-17965,Michael Paige,72.0,9,3983.64,3,5,4,354,Loyal Customers
MY-18295,Muhammed Yedwab,71.0,11,4152.7,3,5,4,354,Loyal Customers
SF-20200,Sarah Foster,59.0,9,3422.79,3,5,4,354,Loyal Customers
KH-16630,Ken Heidel,58.0,9,3918.97,3,5,4,354,Loyal Customers
JO-15145,Jack O'Briant,57.0,9,3254.95,3,5,4,354,Loyal Customers
JM-16195,Justin MacKendrick,57.0,10,2833.93,3,5,4,354,Loyal Customers
SC-20695,Steve Chapman,89.0,10,2576.41,3,5,3,353,Potential Loyalists
NZ-18565,Nick Zandusky,85.0,9,2488.31,3,5,3,353,Potential Loyalists
ML-17395,Marina Lichtenstein,69.0,9,2722.84,3,5,3,353,Potential Loyalists
PG-18895,Paul Gonzalez,57.0,9,1987.16,3,5,3,353,Potential Loyalists
CA-12265,Christina Anderson,56.0,9,2648.29,3,5,3,353,Potential Loyalists
JP-16135,Julie Prescott,102.0,9,1707.71,3,5,2,352,Needs Attention
CK-12760,Cyma Kinney,82.0,9,1582.11,3,5,2,352,Needs Attention
GB-14530,George Bell,62.0,11,1568.44,3,5,2,352,Needs Attention
KF-16285,Karen Ferguson,97.0,7,10604.27,3,4,5,345,Loyal Customers
JA-15970,Joseph Airdo,92.0,8,6491.03,3,4,5,345,Loyal Customers
CP-12085,Cathy Prescott,82.0,8,5402.25,3,4,5,345,Loyal Customers
NF-18385,Natalie Fritzler,79.0,7,8322.83,3,4,5,345,Loyal Customers
AJ-10780,Anthony Jacobs,75.0,7,4867.34,3,4,5,345,Loyal Customers
TW-21025,Tamara Willingham,64.0,7,5278.83,3,4,5,345,Loyal Customers
AR-10825,Anthony Rawles,58.0,8,4523.34,3,4,5,345,Loyal Customers
DM-13015,Darrin Martin,57.0,7,6345.1,3,4,5,345,Loyal Customers
KM-16375,Katherine Murray,56.0,8,5620.19,3,4,5,345,Loyal Customers
AB-10060,Adam Bellavance,54.0,8,7755.62,3,4,5,345,Loyal Customers
DB-13270,Deborah Brumfield,53.0,8,4655.9,3,4,5,345,Loyal Customers
FA-14230,Frank Atkinson,97.0,7,2984.05,3,4,4,344,Loyal Customers
BD-11605,Brian Dahlen,97.0,7,3288.47,3,4,4,344,Loyal Customers
AG-10675,Anna Gayman,97.0,7,3489.04,3,4,4,344,Loyal Customers
CT-11995,Carol Triggs,96.0,8,3241.9,3,4,4,344,Loyal Customers
TN-21040,Tanja Norvell,90.0,7,3130.22,3,4,4,344,Loyal Customers
AS-10045,Aaron Smayling,88.0,7,3050.69,3,4,4,344,Loyal Customers
GM-14440,Gary McGarr,83.0,7,3582.82,3,4,4,344,Loyal Customers
SN-20710,Steve Nguyen,79.0,7,3127.96,3,4,4,344,Loyal Customers
DL-13495,Dionis Lloyd,76.0,8,3539.32,3,4,4,344,Loyal Customers
VP-21760,Victoria Pisteka,75.0,7,3360.53,3,4,4,344,Loyal Customers
BF-11020,Barry Französisch,74.0,8,2888.51,3,4,4,344,Loyal Customers
TH-21550,Tracy Hopkins,72.0,7,4234.1,3,4,4,344,Loyal Customers
RD-19480,Rick Duston,72.0,8,4272.93,3,4,4,344,Loyal Customers
SL-20155,Sara Luxemburg,70.0,7,3053.01,3,4,4,344,Loyal Customers
FC-14245,Frank Carlisle,70.0,7,3418.74,3,4,4,344,Loyal Customers
JK-15625,Jim Karlsson,61.0,7,3760.03,3,4,4,344,Loyal Customers
CY-12745,Craig Yedwab,60.0,8,2900.03,3,4,4,344,Loyal Customers
TS-21610,Troy Staebel,55.0,7,2820.42,3,4,4,344,Loyal Customers
JF-15565,Jill Fjeld,54.0,8,4198.33,3,4,4,344,Loyal Customers
KN-16705,Kristina Nunn,98.0,8,2280.58,3,4,3,343,Potential Loyalists
RF-19735,Roland Fjeld,89.0,7,2341.3,3,4,3,343,Potential Loyalists
MH-17455,Mark Hamilton,85.0,8,2456.18,3,4,3,343,Potential Loyalists
AG-10495,Andrew Gjertsen,78.0,8,2356.86,3,4,3,343,Potential Loyalists
MC-17275,Marc Crier,76.0,8,2725.98,3,4,3,343,Potential Loyalists
MM-18055,Michelle Moray,61.0,8,2749.88,3,4,3,343,Potential Loyalists
EM-13825,Elizabeth Moffitt,55.0,8,2339.6,3,4,3,343,Potential Loyalists
VM-21685,Valerie Mitchum,54.0,7,2454.87,3,4,3,343,Potential Loyalists
DL-12865,Dan Lawera,100.0,8,1503.11,3,4,2,342,Needs Attention
PB-19150,Philip Brown,97.0,8,1456.95,3,4,2,342,Needs Attention
PS-18970,Paul Stevenson,69.0,8,1278.64,3,4,2,342,Needs Attention
MG-17890,Michael Granlund,99.0,9,776.38,3,4,1,341,Needs Attention
MM-18280,Muhammed MacIntyre,85.0,9,775.41,3,4,1,341,Needs Attention
RB-19360,Raymond Buch,96.0,6,15117.34,3,3,5,335,Potential Loyalists
SM-20320,Sean Miller,79.0,5,25043.05,3,3,5,335,Potential Loyalists
CS-12505,Cindy Stewart,58.0,6,5690.06,3,3,5,335,Potential Loyalists
AA-10645,Anna Andreadi,55.0,6,5086.94,3,3,5,335,Potential Loyalists
CA-11965,Carol Adams,96.0,6,3789.72,3,3,4,334,Potential Loyalists
SP-20920,Susan Pistek,70.0,6,3990.69,3,3,4,334,Potential Loyalists
DL-12925,Daniel Lacy,57.0,6,3272.2,3,3,4,334,Potential Loyalists
ML-17410,Maris LaWare,54.0,6,2921.5,3,3,4,334,Potential Loyalists
MH-17785,Maya Herman,98.0,7,2203.78,3,3,3,333,Potential Loyalists
JO-15280,Jas O'Carroll,92.0,6,1934.27,3,3,3,333,Potential Loyalists
AJ-10945,Ashley Jarboe,85.0,7,1839.24,3,3,3,333,Potential Loyalists
HA-14905,Helen Abelman,69.0,7,2163.3,3,3,3,333,Potential Loyalists
JF-15190,Jamie Frazer,65.0,7,2279.59,3,3,3,333,Potential Loyalists
VB-21745,Victoria Brennan,54.0,6,2005.6,3,3,3,333,Potential Loyalists
JM-15535,Jessica Myrick,102.0,7,1733.44,3,3,2,332,Needs Attention
LS-17200,Luke Schmidt,96.0,6,1010.26,3,3,2,332,Needs Attention
BD-11725,Bruce Degenhardt,93.0,6,1526.5,3,3,2,332,Needs Attention
BP-11155,Becky Pak,89.0,6,1697.86,3,3,2,332,Needs Attention
EB-14170,Evan Bailliet,82.0,6,1186.33,3,3,2,332,Needs Attention
SW-20245,Scot Wooten,81.0,7,1085.08,3,3,2,332,Needs Attention
DW-13195,David Wiener,69.0,6,1080.75,3,3,2,332,Needs Attention
BD-11620,Brian DeCherney,69.0,6,1538.11,3,3,2,332,Needs Attention
AH-10120,Adrian Hane,60.0,7,1735.51,3,3,2,332,Needs Attention
BG-11740,Bruce Geld,57.0,6,1006.36,3,3,2,332,Needs Attention
BM-11575,Brendan Murry,100.0,6,808.16,3,3,1,331,Needs Attention
AS-10630,Ann Steele,92.0,7,833.4,3,3,1,331,Needs Attention
BF-10975,Barbara Fisher,91.0,7,599.8,3,3,1,331,Needs Attention
BK-11260,Berenike Kampe,77.0,6,659.14,3,3,1,331,Needs Attention
NK-18490,Neil Knudson,70.0,7,572.05,3,3,1,331,Needs Attention
SF-20065,Sandra Flanagan,59.0,7,763.55,3,3,1,331,Needs Attention
KW-16435,Katrina Willman,96.0,5,4416.52,3,2,5,325,Needs Attention
EB-13840,Ellis Ballard,90.0,5,4358.13,3,2,5,325,Needs Attention
TA-21385,Tom Ashbrook,69.0,4,14595.62,3,2,5,325,Needs Attention
JK-15205,Jamie Kunitz,61.0,5,4427.14,3,2,5,325,Needs Attention
KC-16540,Kelly Collister,97.0,4,3908.26,3,2,4,324,Needs Attention
PV-18985,Paul Van Hugh,89.0,5,2876.05,3,2,4,324,Needs Attention
MG-18145,Mike Gockenbach,84.0,4,3061.54,3,2,4,324,Needs Attention
RW-19690,Robert Waldorf,79.0,5,3495.65,3,2,4,324,Needs Attention
RS-19420,Ricardo Sperren,76.0,5,3221.29,3,2,4,324,Needs Attention
OT-18730,Olvera Toch,65.0,5,3818.62,3,2,4,324,Needs Attention
TH-21115,Thea Hudgings,58.0,4,2942.77,3,2,4,324,Needs Attention
TB-21175,Thomas Boland,58.0,4,3589.3,3,2,4,324,Needs Attention
NP-18670,Nora Paige,58.0,5,3908.4,3,2,4,324,Needs Attention
BE-11410,Bobby Elias,98.0,5,2261.44,3,2,3,323,Needs Attention
DS-13030,Darrin Sayre,93.0,4,1762.21,3,2,3,323,Needs Attention
MG-17680,Maureen Gastineau,92.0,4,2350.19,3,2,3,323,Needs Attention
BT-11530,Bradley Talbott,91.0,5,2684.49,3,2,3,323,Needs Attention
LW-16825,Laurel Workman,88.0,5,2238.06,3,2,3,323,Needs Attention
CR-12580,Clay Rozendal,57.0,4,2148.85,3,2,3,323,Needs Attention
EJ-14155,Eva Jacobs,57.0,5,2656.69,3,2,3,323,Needs Attention
RB-19705,Roger Barcio,54.0,4,2067.45,3,2,3,323,Needs Attention
LC-17050,Liz Carlisle,54.0,5,2095.06,3,2,3,323,Needs Attention
CS-11845,Cari Sayre,91.0,5,1278.95,3,2,2,322,Needs Attention
PO-19195,Phillina Ober,86.0,5,1056.86,3,2,2,322,Needs Attention
BP-11050,Barry Pond,83.0,5,983.42,3,2,2,322,Needs Attention
CR-12730,Craig Reiter,78.0,4,1600.55,3,2,2,322,Needs Attention
RA-19945,Ryan Akin,61.0,5,1686.92,3,2,2,322,Needs Attention
DW-13540,Don Weiss,98.0,5,344.08,3,2,1,321,Needs Attention
SC-20575,Sonia Cooley,92.0,5,902.73,3,2,1,321,Needs Attention
JC-16105,Julie Creighton,57.0,5,858.58,3,2,1,321,Needs Attention
HG-14845,Harry Greene,54.0,5,785.63,3,2,1,321,Needs Attention
EC-14050,Erin Creighton,53.0,5,461.91,3,2,1,321,Needs Attention
GT-14635,Grant Thornton,56.0,3,9351.21,3,1,5,315,Needs Attention
ME-18010,Michelle Ellison,92.0,4,1256.94,3,1,2,312,Needs Attention
CR-12820,Cyra Reiten,85.0,3,1397.87,3,1,2,312,Needs Attention
SV-20815,Stuart Van,76.0,4,1271.09,3,1,2,312,Needs Attention
RB-19330,Randy Bradley,68.0,2,1008.2,3,1,2,312,Needs Attention
BF-11215,Benjamin Farhat,65.0,4,1585.16,3,1,2,312,Needs Attention
NL-18310,Nancy Lomonaco,58.0,4,1418.09,3,1,2,312,Needs Attention
KC-16675,Kimberly Carter,57.0,4,1146.05,3,1,2,312,Needs Attention
AH-10195,Alan Haines,55.0,4,1587.45,3,1,2,312,Needs Attention
ML-18265,Muhammed Lee,100.0,2,162.23,3,1,1,311,Needs Attention
ML-18040,Michelle Lonsdale,79.0,3,742.08,3,1,1,311,Needs Attention
EL-13735,Ed Ludwig,77.0,2,124.28,3,1,1,311,Needs Attention
AG-10765,Anthony Garverick,77.0,4,170.58,3,1,1,311,Needs Attention
BO-11425,Bobby Odegard,75.0,2,130.83,3,1,1,311,Needs Attention
AJ-10960,Astrea Jones,74.0,3,629.25,3,1,1,311,Needs Attention
HH-15010,Hilary Holden,72.0,2,218.67,3,1,1,311,Needs Attention
MO-17500,Mary O'Rourke,72.0,4,922.49,3,1,1,311,Needs Attention
PT-19090,Pete Takahito,71.0,4,160.57,3,1,1,311,Needs Attention
IG-15085,Ivan Gibson,71.0,4,744.57,3,1,1,311,Needs Attention
PH-18790,Patricia Hirasaki,70.0,1,729.65,3,1,1,311,Needs Attention
JR-15700,Jocasta Rupert,68.0,1,863.88,3,1,1,311,Needs Attention
BF-11275,Beth Fritzler,57.0,3,791.99,3,1,1,311,Needs Attention
DL-13330,Denise Leinenbach,57.0,4,585.02,3,1,1,311,Needs Attention
PB-19105,Peter Bühler,57.0,4,688.32,3,1,1,311,Needs Attention
CD-11980,Carol Darley,54.0,3,639.77,3,1,1,311,Needs Attention
SD-20485,Shirley Daniels,200.0,9,6121.11,2,5,5,255,Loyal Customers
SC-20725,Steven Cartwright,187.0,11,5226.21,2,5,5,255,Loyal Customers
JK-15640,Jim Kriz,180.0,9,4760.43,2,5,5,255,Loyal Customers
PO-19180,Philisse Overcash,160.0,9,4893.04,2,5,5,255,Loyal Customers
LA-16780,Laura Armstrong,154.0,11,8673.22,2,5,5,255,Loyal Customers
EH-13765,Edward Hooks,135.0,12,10310.88,2,5,5,255,Loyal Customers
GK-14620,Grace Kelly,112.0,9,6497.27,2,5,5,255,Loyal Customers
KD-16495,Keith Dawkins,112.0,12,8181.26,2,5,5,255,Loyal Customers
TB-21520,Tracy Blumstein,107.0,9,4737.49,2,5,5,255,Loyal Customers
BC-11125,Becky Castell,202.0,9,2933.68,2,5,4,254,Loyal Customers
RD-19585,Rob Dowd,180.0,10,2912.89,2,5,4,254,Loyal Customers
NS-18640,Noel Staavos,174.0,13,2964.82,2,5,4,254,Loyal Customers
JC-15775,John Castell,158.0,9,2772.06,2,5,4,254,Loyal Customers
EH-14125,Eugene Hildebrand,152.0,10,3082.65,2,5,4,254,Loyal Customers
EA-14035,Erin Ashbrook,152.0,13,2846.71,2,5,4,254,Loyal Customers
MS-17770,Maxwell Schwartz,121.0,9,3144.68,2,5,4,254,Loyal Customers
JK-16120,Julie Kriz,117.0,10,2932.48,2,5,4,254,Loyal Customers
RD-19900,Ruben Dartt,114.0,9,3133.92,2,5,4,254,Loyal Customers
FM-14380,Fred McMath,145.0,9,2523.27,2,5,3,253,At Risk
BM-11785,Bryan Mills,218.0,10,1338.84,2,5,2,252,At Risk
TC-21475,Tony Chapman,153.0,9,1244.98,2,5,2,252,At Risk
DO-13435,Denny Ordway,133.0,9,1300.03,2,5,2,252,At Risk
DP-13000,Darren Powers,126.0,9,1050.64,2,5,2,252,At Risk
JF-15490,Jeremy Farry,121.0,11,1082.92,2,5,2,252,At Risk
GM-14500,Gene McClure,106.0,10,1255.68,2,5,2,252,At Risk
AB-10255,Alejandro Ballentine,166.0,9,914.53,2,5,1,251,At Risk
TB-21400,Tom Boeckenhauer,202.0,7,9133.99,2,4,5,245,Loyal Customers
TS-21205,Thomas Seio,198.0,7,5371.09,2,4,5,245,Loyal Customers
SR-20740,Steven Roelle,196.0,8,4345.89,2,4,5,245,Loyal Customers
CJ-12010,Caroline Jumper,189.0,8,11164.97,2,4,5,245,Loyal Customers
NW-18400,Natalie Webber,172.0,7,7234.01,2,4,5,245,Loyal Customers
AJ-10795,Anthony Johnson,166.0,7,4501.39,2,4,5,245,Loyal Customers
AM-10705,Anne McFarland,162.0,8,5664.02,2,4,5,245,Loyal Customers
NM-18445,Nathan Mautz,160.0,7,6459.34,2,4,5,245,Loyal Customers
CP-12340,Christine Phan,160.0,8,5888.28,2,4,5,245,Loyal Customers
HR-14830,Harold Ryan,159.0,7,5248.79,2,4,5,245,Loyal Customers
LB-16795,Laurel Beltran,152.0,8,4985.68,2,4,5,245,Loyal Customers
HK-14890,Heather Kirkland,151.0,8,4877.78,2,4,5,245,Loyal Customers
IL-15100,Ivan Liston,142.0,7,5040.74,2,4,5,245,Loyal Customers
NP-18700,Nora Preis,138.0,7,7903.18,2,4,5,245,Loyal Customers
BW-11110,Bart Watters,121.0,8,4750.36,2,4,5,245,Loyal Customers
RL-19615,Rob Lucas,121.0,8,6234.91,2,4,5,245,Loyal Customers
RW-19540,Rick Wilson,120.0,7,7397.4,2,4,5,245,Loyal Customers
HW-14935,Helen Wasserman,117.0,8,9300.25,2,4,5,245,Loyal Customers
JM-15865,John Murray,109.0,7,7625.08,2,4,5,245,Loyal Customers
CB-12535,Claudia Bergmann,197.0,8,4246.46,2,4,4,244,Loyal Customers
SC-20260,Scott Cohen,187.0,8,3729.79,2,4,4,244,Loyal Customers
FC-14335,Fred Chung,184.0,7,3889.37,2,4,4,244,Loyal Customers
SW-20455,Shaun Weien,162.0,7,2921.54,2,4,4,244,Loyal Customers
GA-14515,George Ashbrook,149.0,8,3919.78,2,4,4,244,Loyal Customers
ED-13885,Emily Ducich,135.0,8,3484.92,2,4,4,244,Loyal Customers
CA-12775,Cynthia Arntzen,120.0,7,3041.57,2,4,4,244,Loyal Customers
MD-17350,Maribeth Dona,117.0,7,3766.38,2,4,4,244,Loyal Customers
DB-13555,Dorothy Badders,107.0,7,3908.8,2,4,4,244,Loyal Customers
TM-21010,Tamara Manning,103.0,8,2955.23,2,4,4,244,Loyal Customers
NH-18610,Nicole Hansen,189.0,7,2673.29,2,4,3,243,At Risk
SG-20470,Sheri Gordon,183.0,8,1884.8,2,4,3,243,At Risk
MC-17605,Matt Connell,112.0,8,2258.19,2,4,3,243,At Risk
CC-12145,Charles Crestani,106.0,7,2471.65,2,4,3,243,At Risk
TT-21220,Thomas Thornton,183.0,8,1427.04,2,4,2,242,At Risk
TH-21235,Tiffany House,117.0,8,1022.2,2,4,2,242,At Risk
MO-17800,Meg O'Connel,104.0,8,1687.03,2,4,2,242,At Risk
EH-13945,Eric Hoffmann,217.0,8,684.17,2,4,1,241,At Risk
DW-13480,Dianna Wilson,217.0,5,5271.63,2,3,5,235,At Risk
SB-20185,Sarah Brown,188.0,6,6411.0,2,3,5,235,At Risk
AA-10315,Alex Avila,184.0,5,5563.56,2,3,5,235,At Risk
TP-21415,Tom Prescott,104.0,5,5329.0,2,3,5,235,At Risk
PF-19165,Philip Fox,196.0,6,2770.0,2,3,4,234,At Risk
ND-18460,Neil Ducich,183.0,6,2893.46,2,3,4,234,At Risk
LS-16945,Linda Southworth,178.0,6,2845.27,2,3,4,234,At Risk
RR-19525,Rick Reed,170.0,6,3302.26,2,3,4,234,At Risk
GM-14680,Greg Matthias,152.0,6,3163.63,2,3,4,234,At Risk
EB-14110,Eugene Barchas,113.0,6,3071.13,2,3,4,234,At Risk
SS-20410,Shahid Shariari,110.0,6,3056.81,2,3,4,234,At Risk
SG-20605,Speros Goranitis,108.0,6,3124.83,2,3,4,234,At Risk
DN-13690,Duane Noonan,217.0,7,2139.79,2,3,3,233,At Risk
MA-17995,Michelle Arnett,186.0,6,2453.28,2,3,3,233,At Risk
PJ-19015,Pauline Johnson,134.0,7,1824.23,2,3,3,233,At Risk
MH-17290,Marc Harrigan,119.0,6,2394.03,2,3,3,233,At Risk
NF-18595,Nicole Fjeld,114.0,7,2031.47,2,3,3,233,At Risk
SN-20560,Skye Norling,111.0,6,1860.42,2,3,3,233,At Risk
PS-18760,Pamela Stobb,107.0,6,2181.48,2,3,3,233,At Risk
JF-15355,Jay Fein,105.0,6,1911.84,2,3,3,233,At Risk
JG-15805,John Grady,223.0,6,1507.02,2,3,2,232,At Risk
BW-11200,Ben Wallace,203.0,6,1738.41,2,3,2,232,At Risk
JE-15475,Jeremy Ellison,193.0,6,1388.68,2,3,2,232,At Risk
AZ-10750,Annie Zypern,160.0,6,1622.02,2,3,2,232,At Risk
CM-11815,Candace McMahon,131.0,6,1673.89,2,3,2,232,At Risk
SC-20680,Steve Carroll,126.0,6,1254.64,2,3,2,232,At Risk
DM-12955,Dario Medina,114.0,7,1322.03,2,3,2,232,At Risk
AS-10240,Alan Shonely,192.0,7,584.61,2,3,1,231,At Risk
JH-15820,John Huston,174.0,6,528.91,2,3,1,231,At Risk
CS-11860,Cari Schnelling,162.0,6,537.63,2,3,1,231,At Risk
VG-21790,Vivek Gonzalez,154.0,6,846.01,2,3,1,231,At Risk
ST-20530,Shui Tom,125.0,7,433.34,2,3,1,231,At Risk
JD-16015,Joy Daniels,112.0,6,385.43,2,3,1,231,At Risk
RC-19960,Ryan Crowe,110.0,6,885.75,2,3,1,231,At Risk
EH-14185,Evan Henry,105.0,6,923.88,2,3,1,231,At Risk
PA-19060,Pete Armstrong,103.0,6,729.41,2,3,1,231,At Risk
SC-20230,Scot Coram,149.0,4,4371.96,2,2,5,225,At Risk
CK-12325,Christine Kargatis,120.0,5,2945.32,2,2,4,224,At Risk
BE-11335,Bill Eplett,119.0,5,4204.68,2,2,4,224,At Risk
RD-19660,Robert Dilbeck,114.0,5,2786.63,2,2,4,224,At Risk
NC-18340,Nat Carroll,224.0,5,2461.4,2,2,3,223,At Risk
FH-14350,Fred Harton,212.0,4,2271.28,2,2,3,223,At Risk
NR-18550,Nick Radford,210.0,5,2367.28,2,2,3,223,At Risk
NC-18625,Noah Childs,204.0,5,1821.74,2,2,3,223,At Risk
TS-21430,Tom Stivers,172.0,5,2054.14,2,2,3,223,At Risk
GZ-14545,George Zrebassa,157.0,4,2454.62,2,2,3,223,At Risk
BO-11350,Bill Overfelt,137.0,5,2682.73,2,2,3,223,At Risk
LR-17035,Lisa Ryan,132.0,5,1879.31,2,2,3,223,At Risk
EM-13810,Eleni McCrary,132.0,5,2567.01,2,2,3,223,At Risk
AR-10405,Allen Rosenblatt,125.0,5,2236.13,2,2,3,223,At Risk
JL-15235,Janet Lee,119.0,5,2203.7,2,2,3,223,At Risk
JD-15790,John Dryer,117.0,5,2152.35,2,2,3,223,At Risk
TG-21640,Trudy Glocke,114.0,4,2074.66,2,2,3,223,At Risk
PF-19225,Phillip Flathmann,114.0,5,2206.13,2,2,3,223,At Risk
CL-12700,Craig Leslie,105.0,5,2353.59,2,2,3,223,At Risk
JO-15550,Jesus Ocampo,215.0,5,1090.84,2,2,2,222,Lost Customers
ZD-21925,Zuschuss Donatelli,202.0,5,1493.94,2,2,2,222,Lost Customers
DB-13405,Denny Blanton,187.0,4,1711.69,2,2,2,222,Lost Customers
SS-20875,Sung Shariari,120.0,5,964.64,2,2,2,222,Lost Customers
TB-21055,Ted Butterfield,119.0,5,1467.88,2,2,2,222,Lost Customers
MG-17875,Michael Grace,116.0,5,1242.83,2,2,2,222,Lost Customers
TR-21325,Toby Ritter,193.0,5,675.94,2,2,1,221,Lost Customers
EB-13930,Eric Barreto,161.0,5,944.6,2,2,1,221,Lost Customers
EM-13960,Eric Murdock,151.0,5,933.7,2,2,1,221,Lost Customers
TB-21355,Todd Boyes,146.0,5,834.33,2,2,1,221,Lost Customers
HJ-14875,Heather Jas,126.0,5,358.1,2,2,1,221,Lost Customers
Dl-13600,Dorris liebe,119.0,5,755.6,2,2,1,221,Lost Customers
VM-21835,Vivian Mathis,117.0,5,380.69,2,2,1,221,Lost Customers
AG-10390,Allen Goldenen,114.0,5,200.95,2,2,1,221,Lost Customers
BB-10990,Barry Blumstein,105.0,5,744.34,2,2,1,221,Lost Customers
GM-14695,Greg Maxwell,117.0,3,6049.97,2,1,5,215,At Risk
VS-21820,Vivek Sundaresam,221.0,4,1055.98,2,1,2,212,Lost Customers
LW-17125,Liz Willingham,205.0,3,1259.04,2,1,2,212,Lost Customers
MT-18070,Michelle Tran,203.0,4,1319.45,2,1,2,212,Lost Customers
SB-20170,Sarah Bern,201.0,3,1348.02,2,1,2,212,Lost Customers
JC-15385,Jenna Caffey,175.0,1,1058.11,2,1,2,212,Lost Customers
MM-17260,Magdelene Morse,168.0,4,1314.02,2,1,2,212,Lost Customers
SW-20350,Sean Wendt,162.0,3,1019.04,2,1,2,212,Lost Customers
MH-17620,Matt Hagelstein,155.0,4,1252.8,2,1,2,212,Lost Customers
TM-21490,Tony Molinari,130.0,3,1094.68,2,1,2,212,Lost Customers
RK-19300,Ralph Kennedy,119.0,3,1460.19,2,1,2,212,Lost Customers
JS-15595,Jill Stevenson,119.0,4,1417.65,2,1,2,212,Lost Customers
EM-14095,Eudokia Martin,113.0,4,1041.04,2,1,2,212,Lost Customers
AR-10345,Alex Russell,111.0,4,1055.69,2,1,2,212,Lost Customers
TC-21145,Theresa Coyne,106.0,1,1038.26,2,1,2,212,Lost Customers
CL-11890,Carl Ludwig,106.0,4,1262.01,2,1,2,212,Lost Customers
BW-11065,Barry Weirich,212.0,3,385.52,2,1,1,211,Lost Customers
MC-17635,Matthew Clasen,189.0,4,795.15,2,1,1,211,Lost Customers
MO-17950,Michael Oakman,180.0,2,154.29,2,1,1,211,Lost Customers
EM-14200,Evan Minnotte,158.0,3,366.82,2,1,1,211,Lost Customers
LH-16750,Larry Hughes,151.0,3,287.43,2,1,1,211,Lost Customers
SC-20845,Sung Chung,131.0,2,280.63,2,1,1,211,Lost Customers
MR-17545,Mathew Reese,125.0,4,639.18,2,1,1,211,Lost Customers
AG-10300,Aleksandra Gannaway,118.0,4,367.55,2,1,1,211,Lost Customers
KB-16405,Katrina Bavinger,117.0,3,908.82,2,1,1,211,Lost Customers
JC-15340,Jasper Cacioppo,114.0,4,71.26,2,1,1,211,Lost Customers
AH-10690,Anna Häberlin,410.0,12,7888.29,1,5,5,155,Loyal Customers
JD-15895,Jonathan Doherty,394.0,11,7610.86,1,5,5,155,Loyal Customers
DP-13390,Dennis Pardue,358.0,9,5480.72,1,5,5,155,Loyal Customers
SC-20095,Sanjit Chand,349.0,9,14142.33,1,5,5,155,Loyal Customers
CL-12565,Clay Ludtke,284.0,12,10880.55,1,5,5,155,Loyal Customers
MS-17365,Maribeth Schnelling,273.0,10,7443.69,1,5,5,155,Loyal Customers
SV-20785,Stewart Visinsky,320.0,9,4105.31,1,5,4,154,Loyal Customers
SP-20650,Stephanie Phelps,386.0,9,1872.44,1,5,3,153,At Risk
LH-17155,Logan Haushalter,385.0,9,1739.69,1,5,3,153,At Risk
NM-18520,Neoma Murray,244.0,10,2161.98,1,5,3,153,At Risk
KB-16585,Ken Black,230.0,12,2744.74,1,5,3,153,At Risk
ON-18715,Odella Nelson,410.0,9,1567.52,1,5,2,152,At Risk
KB-16315,Karl Braun,296.0,9,1569.46,1,5,2,152,At Risk
IM-15070,Irene Maddox,390.0,7,4930.47,1,4,5,145,Loyal Customers
PS-19045,Penelope Sewall,236.0,7,6843.63,1,4,5,145,Loyal Customers
MP-17470,Mark Packer,718.0,7,3206.13,1,4,4,144,Loyal Customers
PW-19240,Pierre Wener,464.0,7,3922.42,1,4,4,144,Loyal Customers
KT-16465,Kean Takahito,391.0,7,3057.1,1,4,4,144,Loyal Customers
RF-19345,Randy Ferguson,390.0,8,3309.15,1,4,4,144,Loyal Customers
VD-21670,Valerie Dominguez,581.0,6,6442.25,1,3,5,135,At Risk
BS-11365,Bill Shonely,558.0,5,10501.65,1,3,5,135,At Risk
KD-16270,Karen Daniels,484.0,5,8282.36,1,3,5,135,At Risk
RH-19510,Rick Huthwaite,467.0,6,6979.18,1,3,5,135,At Risk
TC-20980,Tamara Chand,399.0,5,19052.22,1,3,5,135,At Risk
DH-13075,Dave Hallsten,277.0,6,4932.87,1,3,5,135,At Risk
JL-15850,John Lucas,614.0,6,2725.26,1,3,3,133,At Risk
TB-21280,Toby Braunhardt,583.0,6,2198.45,1,3,3,133,At Risk
TS-21160,Theresa Swint,504.0,6,2163.62,1,3,3,133,At Risk
CC-12100,Chad Cunningham,457.0,6,1770.95,1,3,3,133,At Risk
KC-16255,Karen Carlisle,407.0,6,2120.95,1,3,3,133,At Risk
BT-11395,Bill Tyler,302.0,6,2186.61,1,3,3,133,At Risk
MZ-17515,Mary Zewe,282.0,6,2564.91,1,3,3,133,At Risk
LL-16840,Lauren Leatherbury,249.0,6,2741.2,1,3,3,133,At Risk
MS-17710,Maurice Satty,413.0,6,1613.4,1,3,2,132,At Risk
NP-18685,Nora Pelletier,406.0,6,1228.7,1,3,2,132,At Risk
RC-19825,Roy Collins,369.0,6,966.41,1,3,2,132,At Risk
TB-21250,Tim Brockman,349.0,7,1602.38,1,3,2,132,At Risk
RM-19375,Raymond Messe,345.0,6,1453.47,1,3,2,132,At Risk
SP-20545,Sibella Parks,327.0,6,1306.09,1,3,2,132,At Risk
BE-11455,Brad Eason,254.0,6,1727.65,1,3,2,132,At Risk
DW-13585,Dorothy Wardle,242.0,7,1204.85,1,3,2,132,At Risk
SS-20590,Sonia Sunley,432.0,6,418.49,1,3,1,131,At Risk
EH-13990,Erica Hackney,405.0,6,825.95,1,3,1,131,At Risk
BD-11770,Bryan Davis,327.0,6,658.47,1,3,1,131,At Risk
PF-19120,Peter Fuller,834.0,4,9062.86,1,2,5,125,At Risk
MC-17425,Mark Cousins,399.0,5,4432.14,1,2,5,125,At Risk
BM-11140,Becky Martin,307.0,4,11789.63,1,2,5,125,At Risk
CM-12715,Craig Molinari,1034.0,4,3984.45,1,2,4,124,At Risk
CC-12685,Craig Carroll,798.0,4,2854.12,1,2,4,124,At Risk
SC-20020,Sam Craven,780.0,5,3362.96,1,2,4,124,At Risk
JS-15880,John Stevenson,534.0,5,3868.02,1,2,4,124,At Risk
LC-16960,Lindsay Castell,436.0,4,3246.63,1,2,4,124,At Risk
TG-21310,Toby Gnade,337.0,5,3058.37,1,2,4,124,At Risk
CV-12295,Christina VanderZanden,254.0,5,2830.63,1,2,4,124,At Risk
DB-12970,Darren Budd,241.0,5,2839.23,1,2,4,124,At Risk
TS-21655,Trudy Schmidt,238.0,5,3368.09,1,2,4,124,At Risk
DE-13255,Deanra Eno,718.0,5,2550.87,1,2,3,123,At Risk
DJ-13420,Denny Joy,637.0,4,2012.52,1,2,3,123,At Risk
LD-17005,Lisa DeCherney,414.0,4,1961.93,1,2,3,123,At Risk
JH-16180,Justin Hirsh,404.0,4,2256.39,1,2,3,123,At Risk
CD-12790,Cynthia Delaney,399.0,5,1860.73,1,2,3,123,At Risk
CM-12235,Chris McAfee,385.0,5,2305.71,1,2,3,123,At Risk
TP-21565,Tracy Poddar,350.0,4,1936.64,1,2,3,123,At Risk
TH-21100,Thea Hendricks,344.0,5,2422.82,1,2,3,123,At Risk
BT-11305,Beth Thompson,336.0,5,2567.66,1,2,3,123,At Risk
EJ-13720,Ed Jacobs,302.0,4,2162.17,1,2,3,123,At Risk
KD-16615,Ken Dana,289.0,5,2243.51,1,2,3,123,At Risk
EN-13780,Edward Nazzal,287.0,4,2199.37,1,2,3,123,At Risk
AG-10270,Alejandro Grove,278.0,5,2582.9,1,2,3,123,At Risk
AA-10480,Andrew Allen,259.0,4,1790.51,1,2,3,123,At Risk
AH-10465,Amy Hunt,230.0,5,2495.39,1,2,3,123,At Risk
Co-12640,Corey-Lock,549.0,5,1300.08,1,2,2,122,Lost Customers
CA-12055,Cathy Armstrong,401.0,5,1679.72,1,2,2,122,Lost Customers
LM-17065,Liz MacKendrick,391.0,5,1346.77,1,2,2,122,Lost Customers
MC-18130,Mike Caudle,369.0,5,1582.0,1,2,2,122,Lost Customers
BV-11245,Benjamin Venier,334.0,5,1523.27,1,2,2,122,Lost Customers
TB-21595,Troy Blackwell,285.0,5,1387.56,1,2,2,122,Lost Customers
DB-13360,Dennis Bolton,264.0,5,1081.47,1,2,2,122,Lost Customers
SJ-20500,Shirley Jackson,253.0,5,1318.78,1,2,2,122,Lost Customers
TS-21340,Toby Swindell,226.0,5,974.78,1,2,2,122,Lost Customers
RB-19645,Robert Barroso,648.0,5,221.08,1,2,1,121,Lost Customers
JJ-15445,Jennifer Jackson,483.0,5,709.18,1,2,1,121,Lost Customers
JS-15940,Joni Sundaresam,463.0,5,469.17,1,2,1,121,Lost Customers
MF-17665,Maureen Fritzler,421.0,5,937.04,1,2,1,121,Lost Customers
RE-19450,Richard Eichhorn,302.0,5,876.7,1,2,1,121,Lost Customers
VG-21805,Vivek Grady,286.0,5,427.37,1,2,1,121,Lost Customers
AC-10660,Anna Chung,282.0,5,657.32,1,2,1,121,Lost Customers
CS-12175,Charles Sheldon,232.0,5,844.46,1,2,1,121,Lost Customers
JF-15295,Jason Fortune-,225.0,5,955.12,1,2,1,121,Lost Customers
BS-11665,Brian Stugart,582.0,3,3288.11,1,1,4,114,At Risk
IM-15055,Ionia McGrath,409.0,3,2872.63,1,1,4,114,At Risk
SH-20635,Stefanie Holloman,764.0,2,2096.39,1,1,3,113,At Risk
JG-15115,Jack Garza,757.0,3,2358.68,1,1,3,113,At Risk
DF-13135,David Flashing,699.0,3,2390.53,1,1,3,113,At Risk
RH-19600,Rob Haberlin,534.0,3,2085.74,1,1,3,113,At Risk
GR-14560,Georgia Rosenberg,1135.0,2,1284.38,1,1,2,112,Lost Customers
VT-21700,Valerie Takahito,999.0,2,1736.6,1,1,2,112,Lost Customers
PC-19000,Pauline Chand,881.0,2,1061.49,1,1,2,112,Lost Customers
AG-10525,Andy Gerbode,844.0,4,1455.04,1,1,2,112,Lost Customers
DP-13165,David Philippe,811.0,2,1058.62,1,1,2,112,Lost Customers
DH-13675,Duane Huffman,775.0,4,1043.1,1,1,2,112,Lost Customers
CH-12070,Cathy Hwang,690.0,3,1537.24,1,1,2,112,Lost Customers
SM-20905,Susan MacKendrick,606.0,1,1043.04,1,1,2,112,Lost Customers
JR-15670,Jim Radford,593.0,2,1156.66,1,1,2,112,Lost Customers
MG-17695,Maureen Gnade,555.0,3,1342.28,1,1,2,112,Lost Customers
PK-18910,Paul Knutson,483.0,2,1441.15,1,1,2,112,Lost Customers
DM-13525,Don Miller,481.0,3,1376.79,1,1,2,112,Lost Customers
JW-16075,Julia West,461.0,4,1428.73,1,1,2,112,Lost Customers
CS-12490,Cindy Schnelling,424.0,4,1077.23,1,1,2,112,Lost Customers
ER-13855,Elpida Rittenbach,421.0,3,1245.79,1,1,2,112,Lost Customers
GH-14485,Gene Hale,387.0,2,1361.24,1,1,2,112,Lost Customers
PM-18940,Paul MacIntyre,386.0,3,1405.4,1,1,2,112,Lost Customers
CG-12520,Claire Gute,338.0,3,1148.78,1,1,2,112,Lost Customers
MK-18160,Mike Kennedy,240.0,4,1031.6,1,1,2,112,Lost Customers
NB-18580,Nicole Brennan,1165.0,2,273.87,1,1,1,111,Lost Customers
RE-19405,Ricardo Emerson,1097.0,1,48.36,1,1,1,111,Lost Customers
LS-17230,Lycoris Saunders,776.0,3,368.88,1,1,1,111,Lost Customers
KW-16570,Kelly Williams,770.0,4,449.1,1,1,1,111,Lost Customers
HD-14785,Harold Dahlen,768.0,3,251.36,1,1,1,111,Lost Customers
GP-14740,Guy Phonely,764.0,2,236.53,1,1,1,111,Lost Customers
JJ-15760,Joel Jenkins,752.0,2,195.0,1,1,1,111,Lost Customers
JB-15925,Joni Blumstein,736.0,3,900.55,1,1,1,111,Lost Customers
CM-11935,Carlos Meador,707.0,2,565.39,1,1,1,111,Lost Customers
PB-19210,Phillip Breyer,687.0,2,132.74,1,1,1,111,Lost Customers
BT-11485,Brad Thomas,659.0,2,415.2,1,1,1,111,Lost Customers
BT-11440,Bobby Trafton,560.0,4,603.88,1,1,1,111,Lost Customers
LD-16855,Lela Donovan,552.0,1,5.3,1,1,1,111,Lost Customers
AR-10570,Anemone Ratner,534.0,1,88.15,1,1,1,111,Lost Customers
SW-20755,Steven Ward,534.0,2,758.7,1,1,1,111,Lost Customers
NF-18475,Neil Französisch,525.0,4,377.16,1,1,1,111,Lost Customers
RH-19555,Ritsa Hightower,519.0,2,740.38,1,1,1,111,Lost Customers
AO-10810,Anthony O'Donnell,501.0,1,161.28,1,1,1,111,Lost Customers
RP-19270,Rachel Payne,496.0,4,954.65,1,1,1,111,Lost Customers
SS-20515,Shirley Schmidt,491.0,3,613.4,1,1,1,111,Lost Customers
CS-12130,Chad Sievert,489.0,4,884.64,1,1,1,111,Lost Customers
CR-12625,Corey Roper,470.0,3,475.9,1,1,1,111,Lost Customers
MS-17830,Melanie Seite,452.0,4,370.35,1,1,1,111,Lost Customers
CM-12445,Chuck Magee,436.0,3,287.99,1,1,1,111,Lost Customers
MS-17530,MaryBeth Skach,434.0,4,475.66,1,1,1,111,Lost Customers
SM-20005,Sally Matthias,421.0,4,244.49,1,1,1,111,Lost Customers
AB-10015,Aaron Bergman,415.0,3,886.16,1,1,1,111,Lost Customers
AF-10885,Art Foster,415.0,4,861.57,1,1,1,111,Lost Customers
TT-21265,Tim Taslimi,406.0,3,439.5,1,1,1,111,Lost Customers
MH-17440,Mark Haberlin,376.0,4,400.02,1,1,1,111,Lost Customers
CJ-11875,Carl Jackson,365.0,1,16.52,1,1,1,111,Lost Customers
FW-14395,Fred Wasserman,362.0,3,79.75,1,1,1,111,Lost Customers
TS-21085,Thais Sissman,357.0,2,4.83,1,1,1,111,Lost Customers
DA-13450,Dianna Arnett,352.0,4,156.76,1,1,1,111,Lost Customers
JD-16060,Julia Dunbar,300.0,3,695.44,1,1,1,111,Lost Customers
RM-19750,Roland Murray,299.0,1,98.35,1,1,1,111,Lost Customers
KS-16300,Karen Seio,295.0,3,88.47,1,1,1,111,Lost Customers
JK-15325,Jason Klamczynski,287.0,3,383.81,1,1,1,111,Lost Customers
BD-11560,Brendan Dodson,278.0,2,320.54,1,1,1,111,Lost Customers
BS-11800,Bryan Spruell,265.0,2,949.43,1,1,1,111,Lost Customers
MG-18205,Mitch Gastineau,264.0,1,16.74,1,1,1,111,Lost Customers
HM-14980,Henry MacAllister,247.0,4,736.28,1,1,1,111,Lost Customers
LH-17020,Lisa Hazard,239.0,4,318.24,1,1,1,111,Lost Customers
AC-10420,Alyssa Crouse,232.0,3,925.8,1,1,1,111,Lost Customers
SG-20890,Susan Gilcrest,226.0,3,47.95,1,1,1,111,Lost Customers
